{"name":"installer","title":"Creates launchers and installers for your Griffon application","description":"Creates launchers and installers for your Griffon application.\nSupported formats are:\n - IzPack (universal)\n - RPM (Linux)\n - AppBundle (MacOSX)\n - JSmooth (Windows)","license":"Apache Software License 2.0","source":"http://svn.codehaus.org/griffon/plugins/griffon-installer","authors":[{"name":"Andres Almiray, Josh Reed","email":"aalmiray@users.sourceforge.net, jareed@andrill.org"}],"toolkits":[],"platforms":[],"version":"0.5.1","griffonVersion":"0.9 > *","dependencies":[],"date":"2010-10-10T21:21:13+0200","type":"plugin"}